Series Name,Series Code,Country Name,Country Code,2016 [YR2016],2017 [YR2017],2018 [YR2018],2019 [YR2019],2020 [YR2020]
GDP per capita (current US$),NY.GDP.PCAP.CD,Afghanistan,AFG,509.220100485356,519.888912573073,493.756581366026,507.103391875763,508.808409485223
GDP per capita (current US$),NY.GDP.PCAP.CD,Albania,ALB,4124.05572595352,4531.02080555986,5284.38018438156,5355.84779459031,5215.27675237003
GDP per capita (current US$),NY.GDP.PCAP.CD,Algeria,DZA,3946.45242459305,4109.70344220826,4153.95623446741,3975.5089933335,3310.38653352368
GDP per capita (current US$),NY.GDP.PCAP.CD,American Samoa,ASM,12038.2496994923,11003.8297642807,11557.671156308,11534.5675441134,..
GDP per capita (current US$),NY.GDP.PCAP.CD,Andorra,AND,37475.6350587526,38964.904478265,41791.9698372411,40897.3308728669,..
GDP per capita (current US$),NY.GDP.PCAP.CD,Angola,AGO,3506.07312818832,4095.8100568707,3289.64399476678,2809.62608839129,1895.77086891313
GDP per capita (current US$),NY.GDP.PCAP.CD,Antigua and Barbuda,ATG,15198.7429664112,15383.5763979856,16673.4369025555,17113.3497705088,14449.9965204973
GDP per capita (current US$),NY.GDP.PCAP.CD,Argentina,ARG,12790.2424732447,14613.041824658,11633.4980086503,9912.28180859863,8441.9194391094
GDP per capita (current US$),NY.GDP.PCAP.CD,Armenia,ARM,3591.82805221639,3914.52785436696,4220.54032079145,4622.73818208855,4267.45211938157
GDP per capita (current US$),NY.GDP.PCAP.CD,Aruba,ABW,28452.1706146796,29350.8050189137,30253.2793580195,..,..
GDP per capita (current US$),NY.GDP.PCAP.CD,Australia,AUS,49971.131456129,54027.9668184568,57354.9640455891,55057.2046960666,51812.1540373988
GDP per capita (current US$),NY.GDP.PCAP.CD,Austria,AUT,45276.8314351693,47309.3662735282,51453.1470238016,50121.5542131186,48105.3646248411
GDP per capita (current US$),NY.GDP.PCAP.CD,Azerbaijan,AZE,3880.73873089556,4147.08971569171,4739.84171028393,4805.75371765917,4214.3113363475
GDP per capita (current US$),NY.GDP.PCAP.CD,"Bahamas, The",BHS,31563.3078695925,32719.6665872078,33767.9411879108,34863.3840497476,28607.9013752136
GDP per capita (current US$),NY.GDP.PCAP.CD,Bahrain,BHR,22608.4525623673,23742.9373424159,23991.0413905597,23443.4348283266,..
GDP per capita (current US$),NY.GDP.PCAP.CD,Bangladesh,BGD,1401.56463513179,1563.76781861826,1698.13208078712,1855.6915096678,1968.79222484581
GDP per capita (current US$),NY.GDP.PCAP.CD,Barbados,BRB,16900.0482858522,17391.6689084614,17745.2553725928,18148.4978451054,15191.1640353411
GDP per capita (current US$),NY.GDP.PCAP.CD,Belarus,BLR,5022.62664330491,5761.74712023007,6330.0752464187,6839.10383292452,6411.2278131981
GDP per capita (current US$),NY.GDP.PCAP.CD,Belgium,BEL,41984.1030335609,44089.3100875118,47554.7463078937,46414.4352334354,44594.3781075628
GDP per capita (current US$),NY.GDP.PCAP.CD,Belize,BLZ,4856.97324853112,4945.85769867226,5001.42215663433,5078.80994441772,4435.62115419432
GDP per capita (current US$),NY.GDP.PCAP.CD,Benin,BEN,1087.28730384853,1136.59397046254,1240.83096186066,1219.51547853535,1291.04096203645
GDP per capita (current US$),NY.GDP.PCAP.CD,Bermuda,BMU,106885.878489327,111820.581466347,113023.185594268,117098.446325474,..
GDP per capita (current US$),NY.GDP.PCAP.CD,Bhutan,BTN,2930.5749227006,3286.59674376682,3243.47743748718,3316.16702210577,3122.37606234724
GDP per capita (current US$),NY.GDP.PCAP.CD,Bolivia,BOL,3076.65643933721,3351.12434432642,3548.59078021899,3552.06814383653,3143.04549424189
GDP per capita (current US$),NY.GDP.PCAP.CD,Bosnia and Herzegovina,BIH,4994.68904038619,5394.57995305594,6072.18462285304,6120.11262579357,6031.55686867658
GDP per capita (current US$),NY.GDP.PCAP.CD,Botswana,BWA,7243.93397430839,7893.41867148033,8279.81845660293,7970.79696800641,6710.990411266
GDP per capita (current US$),NY.GDP.PCAP.CD,Brazil,BRA,8710.09677403838,9928.6430632111,9151.44525254365,8897.48777044292,6796.84454227877
GDP per capita (current US$),NY.GDP.PCAP.CD,British Virgin Islands,VGB,..,..,..,..,..
GDP per capita (current US$),NY.GDP.PCAP.CD,Brunei Darussalam,BRN,27158.4056535724,28571.608291419,31628.4762566009,31085.9618860822,27466.3396414199
GDP per capita (current US$),NY.GDP.PCAP.CD,Bulgaria,BGR,7548.85500737534,8334.08172775332,9427.73043039881,9828.14851478139,9975.78000070924
GDP per capita (current US$),NY.GDP.PCAP.CD,Burkina Faso,BFA,688.250696258197,734.996267960528,813.099689441984,786.895437677452,830.925144621939
GDP per capita (current US$),NY.GDP.PCAP.CD,Burundi,BDI,282.193028464612,292.998009548647,271.752496382505,261.24529116164,274.009523229095
GDP per capita (current US$),NY.GDP.PCAP.CD,Cabo Verde,CPV,3130.99875340636,3292.63350335797,3617.34744544679,3603.77524058462,3064.27238842819
GDP per capita (current US$),NY.GDP.PCAP.CD,Cambodia,KHM,1269.59149895221,1385.26006616159,1512.12698889457,1643.12138876475,1512.72775264685
GDP per capita (current US$),NY.GDP.PCAP.CD,Cameroon,CMR,1364.32954020397,1425.10636777271,1534.49224145452,1507.44979812212,1499.37284272297
GDP per capita (current US$),NY.GDP.PCAP.CD,Canada,CAN,42315.6037056806,45129.3564395662,46454.7433947203,46326.6726375572,43241.6178282827
GDP per capita (current US$),NY.GDP.PCAP.CD,Cayman Islands,CYM,78471.6287315261,81513.1630224977,86059.7392168454,91392.6425875166,..
GDP per capita (current US$),NY.GDP.PCAP.CD,Central African Republic,CAF,402.191634907492,450.900697005339,475.953849512777,467.908021751942,476.851112719857
GDP per capita (current US$),NY.GDP.PCAP.CD,Chad,TCD,693.449767448537,665.948884859102,726.151007088549,709.54004317463,614.465189935689
GDP per capita (current US$),NY.GDP.PCAP.CD,Channel Islands,CHI,..,..,..,..,..
GDP per capita (current US$),NY.GDP.PCAP.CD,Chile,CHL,13753.592148512,14998.8170563212,15888.144355398,14741.7144039954,13231.7042069383
GDP per capita (current US$),NY.GDP.PCAP.CD,China,CHN,8147.93770549385,8879.43866711453,9976.677137263,10216.6303341031,10500.3956159637
GDP per capita (current US$),NY.GDP.PCAP.CD,Colombia,COL,5870.77795724164,6376.70671552601,6729.58333198168,6424.9794924083,5332.77352412685
GDP per capita (current US$),NY.GDP.PCAP.CD,Comoros,COM,1273.05091964368,1323.81495794544,1415.95516376531,1370.14012347374,1402.59548928279
GDP per capita (current US$),NY.GDP.PCAP.CD,"Congo, Dem. Rep.",COD,471.318822463486,467.07423172679,557.064411697928,580.716860516731,556.813185299175
GDP per capita (current US$),NY.GDP.PCAP.CD,"Congo, Rep.",COG,2039.45322287157,2173.68025252268,2601.41048286237,2359.17730900034,1972.54524619093
GDP per capita (current US$),NY.GDP.PCAP.CD,Costa Rica,CRI,12011.2227544174,12225.5744931385,12468.5752921871,12669.7060822563,12076.8145138494
GDP per capita (current US$),NY.GDP.PCAP.CD,Cote d'Ivoire,CIV,2013.38144761651,2111.02655726645,2314.05095836881,2276.3323939018,2325.72370502247
GDP per capita (current US$),NY.GDP.PCAP.CD,Croatia,HRV,12361.4838303671,13451.6249479152,15014.0850191716,14944.3562248936,13828.4695048846
GDP per capita (current US$),NY.GDP.PCAP.CD,Cuba,CUB,8060.79659761513,8541.21368643707,8824.19400843842,9099.67314552171,..
GDP per capita (current US$),NY.GDP.PCAP.CD,Curacao,CUW,19555.3658492891,19457.5315232205,19630.8934873019,19701.270377457,..
GDP per capita (current US$),NY.GDP.PCAP.CD,Cyprus,CYP,24605.9208328767,26444.0743777801,29089.4713273857,28288.4615757198,26623.8008913181
GDP per capita (current US$),NY.GDP.PCAP.CD,Czech Republic,CZE,18575.2320271915,20636.199952435,23419.7356136502,23490.3984633494,22762.1971366777
GDP per capita (current US$),NY.GDP.PCAP.CD,Denmark,DNK,54663.9983719195,57610.0981801135,61598.5367043936,60213.0921454746,60908.8351349442
GDP per capita (current US$),NY.GDP.PCAP.CD,Djibouti,DJI,2802.18197126373,2914.37459548042,3141.87938930772,3414.93539272302,3425.50345047077
GDP per capita (current US$),NY.GDP.PCAP.CD,Dominica,DMA,8080.96862341186,7274.517730717,7693.77145274166,8001.99709513435,6526.79321540707
GDP per capita (current US$),NY.GDP.PCAP.CD,Dominican Republic,DOM,7280.88361041225,7609.35327534023,8050.64407623416,8282.11713050921,7268.1969096591
GDP per capita (current US$),NY.GDP.PCAP.CD,Ecuador,ECU,6060.09296156791,6213.50312736888,6295.93466163992,6222.52465327248,5600.38961495341
GDP per capita (current US$),NY.GDP.PCAP.CD,"Egypt, Arab Rep.",EGY,3519.8732398108,2444.29038718448,2537.12518504712,3019.09228346646,3547.87084813809
GDP per capita (current US$),NY.GDP.PCAP.CD,El Salvador,SLV,3805.99568574434,3910.25596873198,4052.62477533742,4167.73093878563,3798.63652082321
GDP per capita (current US$),NY.GDP.PCAP.CD,Equatorial Guinea,GNQ,9250.31649333951,9667.8578009346,10005.6167917268,8419.9333361253,7143.23870497146
GDP per capita (current US$),NY.GDP.PCAP.CD,Eritrea,ERI,..,..,..,..,..
GDP per capita (current US$),NY.GDP.PCAP.CD,Estonia,EST,18437.2528207173,20407.9273809157,23159.3924948461,23717.7994512337,23312.2763272181
GDP per capita (current US$),NY.GDP.PCAP.CD,Eswatini,SWZ,3425.52875915589,3914.42183869146,4105.89721234628,3894.66963029858,3415.45944624473
GDP per capita (current US$),NY.GDP.PCAP.CD,Ethiopia,ETH,717.124869806118,768.523015429372,771.524866349431,855.760885186903,936.340461064749
GDP per capita (current US$),NY.GDP.PCAP.CD,Faroe Islands,FRO,56854.102653706,59993.0906266559,62918.1461936121,64225.2649049837,..
GDP per capita (current US$),NY.GDP.PCAP.CD,Fiji,FJI,5651.27272132772,6101.02388950081,6317.43779853596,6175.87484121767,4881.52606919802
GDP per capita (current US$),NY.GDP.PCAP.CD,Finland,FIN,43784.2839622098,46297.4963459994,50013.2942027626,48711.5642079496,49041.3422565659
GDP per capita (current US$),NY.GDP.PCAP.CD,France,FRA,37037.3741861219,38685.2584944953,41526.4146584125,40380.0987725432,38625.0673845578
GDP per capita (current US$),NY.GDP.PCAP.CD,French Polynesia,PYF,..,..,..,..,..
GDP per capita (current US$),NY.GDP.PCAP.CD,Gabon,GAB,6984.41971208387,7230.43491161979,7956.62781558686,7767.01697942954,7005.87909704756
GDP per capita (current US$),NY.GDP.PCAP.CD,"Gambia, The",GMB,690.780493152792,679.75507172296,732.720727318856,777.815245170251,787.006450894821
GDP per capita (current US$),NY.GDP.PCAP.CD,Georgia,GEO,4062.16988757379,4357.00093554628,4722.78778321766,4697.98365238984,4278.86077091661
GDP per capita (current US$),NY.GDP.PCAP.CD,Germany,DEU,42107.5172703074,44442.7718397577,47787.1605074447,46467.5162023856,45723.6441039328
GDP per capita (current US$),NY.GDP.PCAP.CD,Ghana,GHA,1913.47353585435,2020.68178984221,2194.23247709545,2210.35592258865,2328.53464211079
GDP per capita (current US$),NY.GDP.PCAP.CD,Gibraltar,GIB,..,..,..,..,..
GDP per capita (current US$),NY.GDP.PCAP.CD,Greece,GRC,17885.3928086126,18562.2294309576,19765.9964536083,19150.7861964985,17676.1924769339
GDP per capita (current US$),NY.GDP.PCAP.CD,Greenland,GRL,48181.874188064,50321.3687543442,54470.9563864255,..,..
GDP per capita (current US$),NY.GDP.PCAP.CD,Grenada,GRD,9628.17284331301,10152.8328118872,10486.3775924082,10815.9113560803,9680.17582544907
GDP per capita (current US$),NY.GDP.PCAP.CD,Guam,GUM,36214.0069224538,36601.9198811792,36502.3828195693,37723.7813443319,..
GDP per capita (current US$),NY.GDP.PCAP.CD,Guatemala,GTM,4173.30166619474,4454.04814983548,4478.42464550944,4638.63494319511,4603.33961670975
GDP per capita (current US$),NY.GDP.PCAP.CD,Guinea,GIN,732.291511901218,855.575270552367,955.11128113689,1058.14336817318,1194.03786469464
GDP per capita (current US$),NY.GDP.PCAP.CD,Guinea-Bissau,GNB,661.457838679603,738.549944890782,802.767385116156,749.453747028806,727.520171719562
GDP per capita (current US$),NY.GDP.PCAP.CD,Guyana,GUY,5811.39792362577,6124.95367005177,6145.81874291394,6609.51043084801,6955.93921717789
GDP per capita (current US$),NY.GDP.PCAP.CD,Haiti,HTI,1265.9869321522,1294.23962819616,1435.35085222052,1272.49069871548,1176.75581952799
GDP per capita (current US$),NY.GDP.PCAP.CD,Honduras,HND,2342.58490388004,2453.72711527978,2510.32294304191,2574.35675105143,2405.73284775141
GDP per capita (current US$),NY.GDP.PCAP.CD,"Hong Kong SAR, China",HKG,43731.1068245299,46165.8565115953,48542.6818699161,48354.473367413,46323.8634424384
GDP per capita (current US$),NY.GDP.PCAP.CD,Hungary,HUN,13090.5067287853,14605.8543453283,16411.4411105738,16733.3221691387,15899.1482797158
GDP per capita (current US$),NY.GDP.PCAP.CD,Iceland,ISL,61987.9263620283,72010.1490316258,74348.3622846255,68883.1487741776,59260.8871381682
GDP per capita (current US$),NY.GDP.PCAP.CD,India,IND,1732.55424231697,1980.66701982813,1996.91508739755,2100.75146060783,1900.70680971528
GDP per capita (current US$),NY.GDP.PCAP.CD,Indonesia,IDN,3562.81633352183,3837.57802362633,3893.85957814877,4135.20153132694,3869.58842704537
GDP per capita (current US$),NY.GDP.PCAP.CD,"Iran, Islamic Rep.",IRN,5253.42656033356,5520.31478213998,3598.48345396129,3114.62275284063,2282.55186460415
GDP per capita (current US$),NY.GDP.PCAP.CD,Iraq,IRQ,4550.65863784829,5076.69079455993,5523.07837548534,5658.49226654047,4157.48449469489
GDP per capita (current US$),NY.GDP.PCAP.CD,Ireland,IRL,62993.7450967453,70413.1218331383,79297.729203754,80778.8296145658,83812.8029661508
GDP per capita (current US$),NY.GDP.PCAP.CD,Isle of Man,IMN,82197.12677026,83477.834285154,89112.6677158571,..,..
GDP per capita (current US$),NY.GDP.PCAP.CD,Israel,ISR,37282.5305590856,40474.6681292998,41704.8285653125,43588.713153649,43610.5203308148
GDP per capita (current US$),NY.GDP.PCAP.CD,Italy,ITA,30939.7142462298,32326.6742113994,34608.6756017054,33566.7873041609,31676.2020987349
GDP per capita (current US$),NY.GDP.PCAP.CD,Jamaica,JAM,4843.74989999401,5070.0995030616,5359.99378939638,5369.4983713849,4664.52915035973
GDP per capita (current US$),NY.GDP.PCAP.CD,Japan,JPN,38761.8181501925,38386.5111457057,39159.4235633952,40113.0609702277,..
GDP per capita (current US$),NY.GDP.PCAP.CD,Jordan,JOR,4175.35660192301,4231.51827999134,4308.1510738997,4405.48710929391,4282.76582261085
GDP per capita (current US$),NY.GDP.PCAP.CD,Kazakhstan,KAZ,7714.84184376024,9247.58133129626,9812.62637077396,9812.5958082732,9055.74500903002
GDP per capita (current US$),NY.GDP.PCAP.CD,Kenya,KEN,1410.53202527561,1572.34573373101,1708.00142830255,1816.54712375218,1838.20996794042
GDP per capita (current US$),NY.GDP.PCAP.CD,Kiribati,KIR,1584.73702805528,1640.57195968174,1698.32958680978,1655.05069337521,1670.82469059412
GDP per capita (current US$),NY.GDP.PCAP.CD,"Korea, Dem. People's Rep.",PRK,..,..,..,..,..
GDP per capita (current US$),NY.GDP.PCAP.CD,"Korea, Rep.",KOR,29288.8704389833,31616.8434004683,33422.9442100836,31846.2182324258,31489.1226973168
GDP per capita (current US$),NY.GDP.PCAP.CD,Kosovo,XKX,3780.00368867233,4045.61420880757,4419.91432698449,4445.89070247935,4287.20090326802
GDP per capita (current US$),NY.GDP.PCAP.CD,Kuwait,KWT,27653.1576200281,29759.4674424751,33399.060475851,32373.2511149607,..
GDP per capita (current US$),NY.GDP.PCAP.CD,Kyrgyz Republic,KGZ,1120.66651300848,1242.76964282023,1308.13977921849,1374.03113639092,1173.61135576213
GDP per capita (current US$),NY.GDP.PCAP.CD,Lao PDR,LAO,2308.79980768962,2423.84759760338,2542.48976862177,2544.95255026876,2630.20377393196
GDP per capita (current US$),NY.GDP.PCAP.CD,Latvia,LVA,14315.7928949778,15643.485634322,17849.5592976346,17794.4786167812,17619.9523907399
GDP per capita (current US$),NY.GDP.PCAP.CD,Lebanon,LBN,7626.30019562992,7792.5988604995,8012.53923684943,7583.69914645363,4891.00147031944
GDP per capita (current US$),NY.GDP.PCAP.CD,Lesotho,LSO,1018.93109291945,1102.94441037887,1192.4843195181,1113.37214033581,861.014548091526
GDP per capita (current US$),NY.GDP.PCAP.CD,Liberia,LBR,714.623392230031,698.702358713664,677.322319098497,621.892953622715,583.271727316711
GDP per capita (current US$),NY.GDP.PCAP.CD,Libya,LBY,4035.19680169994,5756.69932474775,7877.12460954542,7685.94813248318,3699.22862081017
GDP per capita (current US$),NY.GDP.PCAP.CD,Liechtenstein,LIE,165642.386275555,171253.964253797,180366.715197575,..,..
GDP per capita (current US$),NY.GDP.PCAP.CD,Lithuania,LTU,14998.1250595137,16843.699654691,19166.812272892,19555.2110652539,19997.5925262112
GDP per capita (current US$),NY.GDP.PCAP.CD,Luxembourg,LUX,104278.390971905,107361.306947271,116597.295637954,114685.168424149,115873.602630203
GDP per capita (current US$),NY.GDP.PCAP.CD,"Macao SAR, China",MAC,73569.4336917492,81044.8899769759,87554.7138573949,86117.6554287201,..
GDP per capita (current US$),NY.GDP.PCAP.CD,Madagascar,MDG,475.955608372416,515.293309281062,518.401122965529,526.224572187396,495.490400891458
GDP per capita (current US$),NY.GDP.PCAP.CD,Malawi,MWI,315.777987100071,497.310409707697,535.351345663708,583.110203584039,625.29412916014
GDP per capita (current US$),NY.GDP.PCAP.CD,Malaysia,MYS,9817.78709031009,10259.3048064811,11377.6542013813,11414.2026894664,10401.7940137994
GDP per capita (current US$),NY.GDP.PCAP.CD,Maldives,MDV,9209.39966526025,9577.70237570034,10276.7733887971,10626.4333466909,7455.85572772295
GDP per capita (current US$),NY.GDP.PCAP.CD,Mali,MLI,780.723569528087,830.021515346886,894.804776510366,879.122775162059,858.915805496235
GDP per capita (current US$),NY.GDP.PCAP.CD,Malta,MLT,25741.4460613677,28250.6977747589,30672.2922439038,30186.1959621979,27884.6428274251
GDP per capita (current US$),NY.GDP.PCAP.CD,Marshall Islands,MHL,3490.99838885713,3672.57678328424,3793.55098267479,4073.10982973584,..
GDP per capita (current US$),NY.GDP.PCAP.CD,Mauritania,MRT,1536.85488788877,1577.86437020455,1601.29193164614,1679.44260484157,1672.9235348238
GDP per capita (current US$),NY.GDP.PCAP.CD,Mauritius,MUS,9681.62310691029,10484.9058280992,11208.3273037494,11097.5869332309,8622.67551491013
GDP per capita (current US$),NY.GDP.PCAP.CD,Mexico,MEX,8744.51555912786,9287.84958732302,9686.51424383118,9946.03382879198,8346.70237883571
GDP per capita (current US$),NY.GDP.PCAP.CD,"Micronesia, Fed. Sts.",FSM,3014.70035839042,3289.64211697365,3568.291015625,3585.42320162374,..
GDP per capita (current US$),NY.GDP.PCAP.CD,Moldova,MDA,2880.43928129296,3509.69345025814,4230.3630367862,4494.01840306454,4551.13067562421
GDP per capita (current US$),NY.GDP.PCAP.CD,Monaco,MCO,170028.655717864,167517.059727856,185978.609251356,190512.737442436,..
GDP per capita (current US$),NY.GDP.PCAP.CD,Mongolia,MNG,3660.15194371362,3669.40693442825,4134.97937229071,4339.84462487314,4007.30888507766
GDP per capita (current US$),NY.GDP.PCAP.CD,Montenegro,MNE,7033.60489868635,7803.41113682269,8850.09463079793,8910.65155409448,7686.09294918651
GDP per capita (current US$),NY.GDP.PCAP.CD,Morocco,MAR,2896.72219562665,3035.45443323105,3226.98279356862,3230.40972230151,3009.24945958152
GDP per capita (current US$),NY.GDP.PCAP.CD,Mozambique,MOZ,428.926672944529,461.415094120589,503.317925171139,503.57065659174,448.607453580724
GDP per capita (current US$),NY.GDP.PCAP.CD,Myanmar,MMR,1158.43456551363,1257.80357639114,1279.08975591511,1477.35536778794,1400.21824189956
GDP per capita (current US$),NY.GDP.PCAP.CD,Namibia,NAM,4546.98668737434,5367.11467314944,5587.98561266432,5037.34262919263,4211.05092913395
GDP per capita (current US$),NY.GDP.PCAP.CD,Nauru,NRU,9555.79042954856,10360.7773115777,11614.665076832,10983.2246492424,..
GDP per capita (current US$),NY.GDP.PCAP.CD,Nepal,NPL,899.523581017634,1048.45375534427,1178.52593245237,1194.95687572575,1155.14285440358
GDP per capita (current US$),NY.GDP.PCAP.CD,Netherlands,NLD,46007.8529206547,48554.9922761756,53018.6293562696,52295.0390498713,52304.0573851896
GDP per capita (current US$),NY.GDP.PCAP.CD,New Caledonia,NCL,..,..,..,..,..
GDP per capita (current US$),NY.GDP.PCAP.CD,New Zealand,NZL,40080.4941137172,42992.8952738896,43306.0700032372,41999.3682892979,41791.79308952
GDP per capita (current US$),NY.GDP.PCAP.CD,Nicaragua,NIC,2107.5740596602,2159.16192554656,2014.57028700455,1926.69969398276,1905.25675597599
GDP per capita (current US$),NY.GDP.PCAP.CD,Niger,NER,498.105337934855,517.977044176666,572.430138463628,553.894955335826,565.06133311838
GDP per capita (current US$),NY.GDP.PCAP.CD,Nigeria,NGA,2176.00277201515,1968.56539847444,2027.77854863842,2229.8586518613,2097.09247289022
GDP per capita (current US$),NY.GDP.PCAP.CD,North Macedonia,MKD,5132.99714567042,5432.41453143721,6087.46831134253,6022.24098997419,5888.00401517897
GDP per capita (current US$),NY.GDP.PCAP.CD,Northern Mariana Islands,MNP,21891.1847936355,27584.7435149329,22886.6740494647,20659.6402915421,..
GDP per capita (current US$),NY.GDP.PCAP.CD,Norway,NOR,70460.5605323322,75496.7540581998,82267.809316159,75826.0818834173,67294.4769786693
GDP per capita (current US$),NY.GDP.PCAP.CD,Oman,OMN,14609.9817598242,15127.8881927788,16521.2062279529,15343.0435000855,..
GDP per capita (current US$),NY.GDP.PCAP.CD,Pakistan,PAK,1368.42696140417,1464.9261954181,1482.21306651797,1284.70204683255,1193.73339713731
GDP per capita (current US$),NY.GDP.PCAP.CD,Palau,PLW,16653.4258945705,16065.2928294682,15657.1771537044,14907.777345703,..
GDP per capita (current US$),NY.GDP.PCAP.CD,Panama,PAN,14343.981394441,15146.4023742294,15544.7335180331,15727.9744915741,12269.0489963771
GDP per capita (current US$),NY.GDP.PCAP.CD,Papua New Guinea,PNG,2509.62963689931,2695.24900855956,2801.37139302915,2829.16708525376,2636.8002494333
GDP per capita (current US$),NY.GDP.PCAP.CD,Paraguay,PRY,5324.60906777777,5678.8699722,5782.78454981286,5380.9633218413,4949.74970033259
GDP per capita (current US$),NY.GDP.PCAP.CD,Peru,PER,6204.9964574796,6710.50760214164,6957.79341149359,7027.61220697723,6126.87453978867
GDP per capita (current US$),NY.GDP.PCAP.CD,Philippines,PHL,3073.65468571489,3123.24564174356,3252.11027410024,3485.3408438977,3298.8298514292
GDP per capita (current US$),NY.GDP.PCAP.CD,Poland,POL,12447.4395912808,13864.6817579973,15468.4094107719,15694.8408238857,15656.1827308666
GDP per capita (current US$),NY.GDP.PCAP.CD,Portugal,PRT,19978.401214968,21437.3475036794,23551.0482905614,23284.5272329002,22439.8768739626
GDP per capita (current US$),NY.GDP.PCAP.CD,Puerto Rico,PRI,30627.1634017011,31108.7527508912,31604.7015144578,32850.5486123592,32290.9211360931
GDP per capita (current US$),NY.GDP.PCAP.CD,Qatar,QAT,57162.9680076257,59124.8672675489,65907.9484330735,62087.9741348946,50805.4635677532
GDP per capita (current US$),NY.GDP.PCAP.CD,Romania,ROU,9548.58740298268,10807.0091671993,12398.9819787666,12889.8096111492,12896.0886211622
GDP per capita (current US$),NY.GDP.PCAP.CD,Russian Federation,RUS,8704.89841329594,10720.3326583505,11287.3552780815,11497.6492498593,10126.7217935297
GDP per capita (current US$),NY.GDP.PCAP.CD,Rwanda,RWA,744.760748755977,772.316989145919,783.637162814808,820.149288558594,797.855554346228
GDP per capita (current US$),NY.GDP.PCAP.CD,Samoa,WSM,4109.05952261832,4259.6341719161,4188.57105832,4324.10177421565,4067.47262951152
GDP per capita (current US$),NY.GDP.PCAP.CD,San Marino,SMR,43828.2324609315,45399.0290605549,48996.592248824,47731.2085399347,..
GDP per capita (current US$),NY.GDP.PCAP.CD,Sao Tome and Principe,STP,1700.09799666364,1813.80743359704,1953.5132573676,1987.57970166818,2157.84044569668
GDP per capita (current US$),NY.GDP.PCAP.CD,Saudi Arabia,SAU,19878.7638365016,20802.4663134648,23337.0175494347,23139.7979808237,20110.3161923744
GDP per capita (current US$),NY.GDP.PCAP.CD,Senegal,SEN,1269.90329385985,1361.70197218375,1458.06909258145,1430.14825900162,1487.7573088192
GDP per capita (current US$),NY.GDP.PCAP.CD,Serbia,SRB,5765.20076202711,6292.54362926707,7252.40185773992,7411.55864879005,7666.24447595921
GDP per capita (current US$),NY.GDP.PCAP.CD,Seychelles,SYC,15068.6203494184,15906.0839118192,16390.8249080053,16198.5174764957,11425.0929292519
GDP per capita (current US$),NY.GDP.PCAP.CD,Sierra Leone,SLE,501.415165523953,499.380974567747,533.991533265984,527.534174544671,484.521267483585
GDP per capita (current US$),NY.GDP.PCAP.CD,Singapore,SGP,56848.1753918367,61176.4563611565,66679.0464899752,65640.7079484985,59797.7521801188
GDP per capita (current US$),NY.GDP.PCAP.CD,Sint Maarten (Dutch part),SXM,31616.6816992667,29369.0568278169,29160.1038110689,..,..
GDP per capita (current US$),NY.GDP.PCAP.CD,Slovak Republic,SVK,16508.6703604932,17504.2113407628,19364.6201036458,19273.2539541229,19156.8896116995
GDP per capita (current US$),NY.GDP.PCAP.CD,Slovenia,SVN,21663.643413767,23454.7395172714,26103.1602597884,25940.728030936,25179.6671722936
GDP per capita (current US$),NY.GDP.PCAP.CD,Solomon Islands,SLB,2225.48684209273,2332.84421585545,2411.86292635277,2344.23163406448,2258.40036455455
GDP per capita (current US$),NY.GDP.PCAP.CD,Somalia,SOM,295.967392639046,309.054380310838,314.542677978565,320.03814830565,309.415454618032
GDP per capita (current US$),NY.GDP.PCAP.CD,South Africa,ZAF,5272.5436481983,6131.47944960886,6372.60565499345,6001.4011214068,5090.71502455292
GDP per capita (current US$),NY.GDP.PCAP.CD,South Sudan,SSD,..,..,..,..,..
GDP per capita (current US$),NY.GDP.PCAP.CD,Spain,ESP,26505.3432155204,28100.5862419453,30374.5210439089,29564.7448981723,27057.1635151239
GDP per capita (current US$),NY.GDP.PCAP.CD,Sri Lanka,LKA,3886.29150165239,4076.74700282733,4058.80351094171,3851.56098951535,3682.03842459282
GDP per capita (current US$),NY.GDP.PCAP.CD,St. Kitts and Nevis,KNA,18810.5593827184,19158.7448006081,19276.5212674439,19773.4623748176,17435.9274299115
GDP per capita (current US$),NY.GDP.PCAP.CD,St. Lucia,LCA,10361.5838770759,11047.4449858109,11357.8265659139,11611.0978398185,9276.11782856052
GDP per capita (current US$),NY.GDP.PCAP.CD,St. Martin (French part),MAF,..,..,..,..,..
GDP per capita (current US$),NY.GDP.PCAP.CD,St. Vincent and the Grenadines,VCT,7074.5487647385,7213.02585706279,7361.4009618002,7457.23977574095,7297.9123498741
GDP per capita (current US$),NY.GDP.PCAP.CD,Sudan,SDN,1325.15601870546,1103.00002634177,825.868941119235,753.282174142999,595.467833007679
GDP per capita (current US$),NY.GDP.PCAP.CD,Suriname,SUR,5872.78942866166,6295.56056173578,6938.08698147294,7261.16560953824,6491.13906538498
GDP per capita (current US$),NY.GDP.PCAP.CD,Sweden,SWE,51965.1571531985,53791.5087298403,54589.0603860606,51686.8513545938,51925.7137596385
GDP per capita (current US$),NY.GDP.PCAP.CD,Switzerland,CHE,83073.2800824812,83352.0886533412,86429.5008163592,85300.3479700289,86601.5564126289
GDP per capita (current US$),NY.GDP.PCAP.CD,Syrian Arab Republic,SYR,..,..,..,..,..
GDP per capita (current US$),NY.GDP.PCAP.CD,Tajikistan,TJK,807.10258610434,848.672379903239,853.218873401321,890.544402355733,859.137961121368
GDP per capita (current US$),NY.GDP.PCAP.CD,Tanzania,TZA,966.503016569611,1004.90658838695,1042.83875856619,1085.88486100047,1076.47038455352
GDP per capita (current US$),NY.GDP.PCAP.CD,Thailand,THA,5993.30551610045,6593.81835157138,7296.87960772339,7817.01152157855,7189.04183501668
GDP per capita (current US$),NY.GDP.PCAP.CD,Timor-Leste,TLS,1353.74681474203,1286.40678538681,1230.22528046689,1560.50861482306,1381.17566036276
GDP per capita (current US$),NY.GDP.PCAP.CD,Togo,TGO,803.1518934041,830.745276651438,901.523016898937,893.352454121675,914.950582595136
GDP per capita (current US$),NY.GDP.PCAP.CD,Tonga,TON,4157.87724876095,4513.4325306349,4740.70027224476,4903.01213835449,..
GDP per capita (current US$),NY.GDP.PCAP.CD,Trinidad and Tobago,TTO,16250.6286879928,16173.7400502023,17037.8623561897,16637.1629387697,15384.0394609875
GDP per capita (current US$),NY.GDP.PCAP.CD,Tunisia,TUN,3697.93872935664,3481.24110633379,3438.80506664387,3351.57344330192,3319.81902353323
GDP per capita (current US$),NY.GDP.PCAP.CD,Turkey,TUR,10894.6033779275,10589.667724687,9453.19617174191,9126.59439195453,8538.16905982745
GDP per capita (current US$),NY.GDP.PCAP.CD,Turkmenistan,TKM,6387.68257527254,6587.09260439788,6967.37504258806,7612.03518009452,..
GDP per capita (current US$),NY.GDP.PCAP.CD,Turks and Caicos Islands,TCA,28241.479293178,27545.1287854295,29553.1366979053,31350.8666282662,23879.9266491038
GDP per capita (current US$),NY.GDP.PCAP.CD,Tuvalu,TUV,3253.89953558627,3574.06528751804,3701.70925450693,4055.89560959738,4143.10975263011
GDP per capita (current US$),NY.GDP.PCAP.CD,Uganda,UGA,733.397131674337,746.830751184521,770.257060149182,794.451445432797,817.035756926923
GDP per capita (current US$),NY.GDP.PCAP.CD,Ukraine,UKR,2187.73050991433,2640.67567655839,3096.81740221352,3662.56308679667,3726.92714937055
GDP per capita (current US$),NY.GDP.PCAP.CD,United Arab Emirates,ARE,38141.8671313451,40644.7911901772,43839.3244866903,43103.3362929869,..
GDP per capita (current US$),NY.GDP.PCAP.CD,United Kingdom,GBR,41048.3496572292,40304.7230763678,42992.8037216089,42354.4146545765,40284.6384553276
GDP per capita (current US$),NY.GDP.PCAP.CD,United States,USA,58021.4004997125,60109.6557260477,63064.4184096731,65279.5290260953,63543.577788724
GDP per capita (current US$),NY.GDP.PCAP.CD,Uruguay,URY,16715.6334746253,18690.8938401411,18703.8602924478,17688.01500769,15438.4116657291
GDP per capita (current US$),NY.GDP.PCAP.CD,Uzbekistan,UZB,2567.79920656883,1826.56691924216,1529.08286351335,1719.05721009222,1685.76494675082
GDP per capita (current US$),NY.GDP.PCAP.CD,Vanuatu,VUT,2805.66532016404,3082.47508309466,3125.40499918952,3102.34678986227,2782.98434037313
GDP per capita (current US$),NY.GDP.PCAP.CD,"Venezuela, RB",VEN,..,..,..,..,..
GDP per capita (current US$),NY.GDP.PCAP.CD,Vietnam,VNM,2192.17448247545,2365.52161506114,2566.4474870063,2715.27598010995,2785.724156875
GDP per capita (current US$),NY.GDP.PCAP.CD,Virgin Islands (U.S.),VIR,36022.5454816027,36287.879494039,37233.2968850758,..,..
GDP per capita (current US$),NY.GDP.PCAP.CD,West Bank and Gaza,PSE,3527.61382413178,3620.36048715937,3562.33094270256,3656.85827137011,3239.73110812657
GDP per capita (current US$),NY.GDP.PCAP.CD,"Yemen, Rep.",YEM,1138.6037234093,960.528848015378,824.117717965627,..,..
GDP per capita (current US$),NY.GDP.PCAP.CD,Zambia,ZMB,1280.80654257604,1535.19657398198,1516.37110009154,1305.00221354087,1050.91928305741
GDP per capita (current US$),NY.GDP.PCAP.CD,Zimbabwe,ZWE,1464.58895715841,1335.66506432532,1352.16265310562,1156.15486360139,1128.21071129808
GDP per capita (current US$),NY.GDP.PCAP.CD,Africa Eastern and Southern,AFE,1401.28105252106,1536.20678264071,1530.16191737441,1481.42529193585,1326.66365762056
GDP per capita (current US$),NY.GDP.PCAP.CD,Africa Western and Central,AFW,1666.42240647892,1606.97833161683,1695.95921508335,1772.33915484035,1714.42679990415
GDP per capita (current US$),NY.GDP.PCAP.CD,Arab World,ARB,6093.33100860206,6095.66342966197,6568.98405167902,6570.174197334,5802.10412863519
GDP per capita (current US$),NY.GDP.PCAP.CD,Caribbean small states,CSS,9560.1946792766,9810.47006759449,10250.434070083,10355.4076837653,9192.76780070435
GDP per capita (current US$),NY.GDP.PCAP.CD,Central Europe and the Baltics,CEB,12822.3762230609,14238.1967661396,16034.7149702111,16294.3770005943,16082.4577103005
GDP per capita (current US$),NY.GDP.PCAP.CD,Early-demographic dividend,EAR,3333.14704091421,3554.53186967857,3526.97504394987,3581.13274029158,3254.96941094267
GDP per capita (current US$),NY.GDP.PCAP.CD,East Asia & Pacific,EAS,9855.72532949615,10467.8539994767,11318.8403574781,11499.6346661356,..
GDP per capita (current US$),NY.GDP.PCAP.CD,East Asia & Pacific (excluding high income),EAP,6609.48436617558,7172.70194415996,7968.08997474566,8194.265111576,8291.74597603781
GDP per capita (current US$),NY.GDP.PCAP.CD,East Asia & Pacific (IDA & IBRD countries),TEA,6679.2515937779,7248.2296158156,8051.81254849733,8280.23469622092,8378.63093968804
GDP per capita (current US$),NY.GDP.PCAP.CD,Euro area,EMU,35137.7543598382,37045.4782623648,39997.554747509,39042.5049702801,37712.1208258145
GDP per capita (current US$),NY.GDP.PCAP.CD,Europe & Central Asia,ECS,22404.8995761606,23617.2192898928,25221.7608639911,24791.4490978876,23780.3884700839
GDP per capita (current US$),NY.GDP.PCAP.CD,Europe & Central Asia (excluding high income),ECA,7177.77223732626,8018.71413783077,8206.59666055713,8337.8574220048,7656.59391905151
GDP per capita (current US$),NY.GDP.PCAP.CD,Europe & Central Asia (IDA & IBRD countries),TEC,7665.38379691147,8553.53233570547,8868.02880999417,9002.29760099665,8368.47661646182
GDP per capita (current US$),NY.GDP.PCAP.CD,European Union,EUU,31164.5950379633,33008.5041400146,35703.6895347268,34960.0156237147,33927.7188969154
GDP per capita (current US$),NY.GDP.PCAP.CD,Fragile and conflict affected situations,FCS,1928.97859204881,1929.87723900204,2021.72579124927,2107.42382393339,1864.57941018718
GDP per capita (current US$),NY.GDP.PCAP.CD,Heavily indebted poor countries (HIPC),HPC,909.513225357312,944.463717501463,979.889988545419,984.818942762602,973.271854608424
GDP per capita (current US$),NY.GDP.PCAP.CD,High income,HIC,41013.341279697,42658.2072310042,45114.3603938187,45297.7178653611,43833.9315581079
GDP per capita (current US$),NY.GDP.PCAP.CD,IBRD only,IBD,5572.72464401241,6094.71935976363,6415.15464943783,6510.72745549546,6187.68569657553
GDP per capita (current US$),NY.GDP.PCAP.CD,IDA & IBRD total,IBT,4505.60460189889,4889.87386393174,5127.06154120442,5192.12977669411,4929.86114055141
GDP per capita (current US$),NY.GDP.PCAP.CD,IDA blend,IDB,1773.84423870582,1712.6509133954,1747.50659361145,1758.03592731882,1664.26013052587
GDP per capita (current US$),NY.GDP.PCAP.CD,IDA only,IDX,1065.84567762007,1124.55757409232,1172.22822140323,1217.40814707659,1219.77562328603
GDP per capita (current US$),NY.GDP.PCAP.CD,IDA total,IDA,1305.68149748366,1321.43216315999,1364.1094638335,1396.32034918337,1364.15783389017
GDP per capita (current US$),NY.GDP.PCAP.CD,Late-demographic dividend,LTE,8190.5352130285,9034.22637453571,9849.86121253092,9989.87341778723,9758.44827151537
GDP per capita (current US$),NY.GDP.PCAP.CD,Latin America & Caribbean,LCN,8600.75738507551,9461.21134658518,9158.44096357042,8951.81151679876,7417.25216695846
GDP per capita (current US$),NY.GDP.PCAP.CD,Latin America & Caribbean (excluding high income),LAC,7930.7150554872,8743.84224027993,8395.07435773172,8213.07806273801,6733.11238457868
GDP per capita (current US$),NY.GDP.PCAP.CD,Latin America & the Caribbean (IDA & IBRD countries),TLA,8440.43240369227,9316.21821475648,9001.31013497115,8776.74823247104,7244.55556894082
GDP per capita (current US$),NY.GDP.PCAP.CD,Least developed countries: UN classification,LDC,986.924823563932,1053.96352219117,1065.29110556022,1094.89440023069,1068.79814047712
GDP per capita (current US$),NY.GDP.PCAP.CD,Low & middle income,LMY,4353.08440481396,4721.74877784668,4944.43271902466,5012.75487528986,4759.24426146187
GDP per capita (current US$),NY.GDP.PCAP.CD,Low income,LIC,785.633874138298,790.858529040066,795.953159156766,820.896182299874,821.862930833469
GDP per capita (current US$),NY.GDP.PCAP.CD,Lower middle income,LMC,2134.93610887136,2266.93530274556,2264.39293950186,2352.78369418807,2200.40175761132
GDP per capita (current US$),NY.GDP.PCAP.CD,Middle East & North Africa,MEA,7257.01943303121,7403.30469004532,7546.70135262957,7511.82308848217,6669.9034298081
GDP per capita (current US$),NY.GDP.PCAP.CD,Middle East & North Africa (excluding high income),MNA,3919.46696282692,3801.05244953155,3501.87076686937,3507.50757458945,3066.22535513271
GDP per capita (current US$),NY.GDP.PCAP.CD,Middle East & North Africa (IDA & IBRD countries),TMN,3923.43600044005,3802.41480233869,3500.2621536211,3504.71474518657,3063.18956429809
GDP per capita (current US$),NY.GDP.PCAP.CD,Middle income,MIC,4734.13097147766,5146.5042643196,5399.04043125719,5480.25080914898,5207.28902381669
GDP per capita (current US$),NY.GDP.PCAP.CD,North America,NAC,56451.5175005901,58605.3442919246,61381.7198451523,63341.7836383808,61453.1340591874
GDP per capita (current US$),NY.GDP.PCAP.CD,Not classified,INX,..,..,..,..,..
GDP per capita (current US$),NY.GDP.PCAP.CD,OECD members,OED,35990.2034041022,37328.3577316175,39268.5633775161,39412.0995905473,37975.9137742939
GDP per capita (current US$),NY.GDP.PCAP.CD,Other small states,OSS,12410.4521170357,13241.2007204995,14402.7510361382,13821.3399571813,11821.745902342
GDP per capita (current US$),NY.GDP.PCAP.CD,Pacific island small states,PSS,3962.4398484453,4220.73643640818,4336.98530791452,4268.83831291979,3626.29058943536
GDP per capita (current US$),NY.GDP.PCAP.CD,Post-demographic dividend,PST,41340.5037939281,42933.6135520047,45364.5841796031,45650.1402680141,44217.8972260676
GDP per capita (current US$),NY.GDP.PCAP.CD,Pre-demographic dividend,PRE,1393.57535455618,1415.71893932517,1449.09968091231,1481.0426284821,1342.48239073085
GDP per capita (current US$),NY.GDP.PCAP.CD,Small states,SST,11367.6851422575,12064.7027367962,13040.5377262797,12622.5289056253,10864.0078007799
GDP per capita (current US$),NY.GDP.PCAP.CD,South Asia,SAS,1652.19599968643,1867.50548175074,1894.16909298831,1959.34225646867,1804.91762262971
GDP per capita (current US$),NY.GDP.PCAP.CD,South Asia (IDA & IBRD),TSA,1652.19599968643,1867.50548175074,1894.16909298831,1959.34225646867,1804.91762262971
GDP per capita (current US$),NY.GDP.PCAP.CD,Sub-Saharan Africa,SSF,1508.35279420535,1564.22415950722,1596.82525070156,1599.01596590589,1483.7695656434
GDP per capita (current US$),NY.GDP.PCAP.CD,Sub-Saharan Africa (excluding high income),SSA,1507.09602828557,1562.91396409004,1595.4964951506,1597.72750280511,1482.9095943257
GDP per capita (current US$),NY.GDP.PCAP.CD,Sub-Saharan Africa (IDA & IBRD countries),TSS,1508.35279420536,1564.22415950722,1596.82525070156,1599.01596590589,1483.7695656434
GDP per capita (current US$),NY.GDP.PCAP.CD,Upper middle income,UMC,8072.01562785564,8870.34929524304,9483.69330620773,9589.0378735037,9191.68073255036
GDP per capita (current US$),NY.GDP.PCAP.CD,World,WLD,10292.6001733419,10829.9749382103,11372.2478185663,11417.1550235316,10925.7278501486
,,,,,,,,
,,,,,,,,
,,,,,,,,
Data from database: World Development Indicators,,,,,,,,
Last Updated: 09/15/2021,,,,,,,,
